object oriented design,0.38461538461538464
web development,0.4166666666666667
user experience,0.18181818181818182
XML,0.25
software engineering,0.3
javascript,0.1
Entrepreneurship,0.16666666666666666
sql,0.36363636363636365
project management,0.1
game development,0.08333333333333333
ruby,0.16666666666666666
graphic design,0.2727272727272727
uml,0.041666666666666664
